fichier,Na√Øf,Welzl
samples\test-1.points,199,5
samples\test-2.points,139,6
samples\test-3.points,121,2
samples\test-4.points,168,1
samples\test-5.points,100,1
samples\test-6.points,1,0
samples\test-7.points,107,0
samples\test-8.points,119,1
samples\test-9.points,104,1
samples\test-10.points,93,0
samples\test-11.points,108,1
samples\test-12.points,126,0
samples\test-13.points,113,1
samples\test-14.points,97,1
samples\test-15.points,113,1
samples\test-16.points,128,3
samples\test-17.points,82,1
samples\test-18.points,107,0
samples\test-19.points,126,1
samples\test-20.points,99,0
samples\test-21.points,92,1
samples\test-22.points,136,0
samples\test-23.points,98,1
samples\test-24.points,93,1
samples\test-25.points,136,0
samples\test-26.points,88,0
samples\test-27.points,101,0
samples\test-28.points,119,1
samples\test-29.points,101,1
samples\test-30.points,83,1
samples\test-31.points,113,1
samples\test-32.points,107,0
samples\test-33.points,104,1
samples\test-34.points,111,1
samples\test-35.points,99,0
samples\test-36.points,130,1
samples\test-37.points,127,1
samples\test-38.points,112,0
samples\test-39.points,106,0
samples\test-40.points,122,0
samples\test-41.points,97,2
samples\test-42.points,95,0
samples\test-43.points,84,0
samples\test-44.points,105,0
samples\test-45.points,108,1
samples\test-46.points,129,0
samples\test-47.points,110,0
samples\test-48.points,103,0
samples\test-49.points,94,0
samples\test-50.points,108,0
samples\test-51.points,130,1
samples\test-52.points,81,0
samples\test-53.points,82,0
samples\test-54.points,76,0
samples\test-55.points,92,0
samples\test-56.points,154,0
samples\test-57.points,107,1
samples\test-58.points,117,0
samples\test-59.points,162,0
samples\test-60.points,88,0
samples\test-61.points,89,1
samples\test-62.points,0,0
samples\test-63.points,141,0
samples\test-64.points,86,0
samples\test-65.points,89,0
samples\test-66.points,128,1
samples\test-67.points,108,1
samples\test-68.points,0,1
samples\test-69.points,125,2
samples\test-70.points,148,1
samples\test-71.points,119,0
samples\test-72.points,89,0
samples\test-73.points,106,1
samples\test-74.points,95,1
samples\test-75.points,89,1
samples\test-76.points,104,1
samples\test-77.points,135,1
samples\test-78.points,102,1
samples\test-79.points,98,0
samples\test-80.points,0,0
samples\test-81.points,103,0
samples\test-82.points,144,0
samples\test-83.points,90,0
samples\test-84.points,100,0
samples\test-85.points,106,2
samples\test-86.points,106,0
samples\test-87.points,156,1
samples\test-88.points,143,1
samples\test-89.points,155,0
samples\test-90.points,100,2
samples\test-91.points,89,0
samples\test-92.points,133,0
samples\test-93.points,104,1
samples\test-94.points,96,0
samples\test-95.points,111,0
samples\test-96.points,111,1
samples\test-97.points,85,1
samples\test-98.points,75,0
samples\test-99.points,148,0
samples\test-100.points,121,1
samples\test-101.points,101,0
samples\test-102.points,148,0
samples\test-103.points,119,0
samples\test-104.points,106,1
samples\test-105.points,113,0
samples\test-106.points,112,0
samples\test-107.points,94,1
samples\test-108.points,109,1
samples\test-109.points,111,0
samples\test-110.points,116,0
samples\test-111.points,90,0
samples\test-112.points,107,0
samples\test-113.points,0,0
samples\test-114.points,95,2
samples\test-115.points,110,0
samples\test-116.points,91,1
samples\test-117.points,100,0
samples\test-118.points,102,1
samples\test-119.points,83,0
samples\test-120.points,109,0
samples\test-121.points,93,0
samples\test-122.points,97,0
samples\test-123.points,95,0
samples\test-124.points,97,2
samples\test-125.points,109,0
samples\test-126.points,125,0
samples\test-127.points,102,0
samples\test-128.points,92,0
samples\test-129.points,111,0
samples\test-130.points,84,0
samples\test-131.points,78,0
samples\test-132.points,97,1
samples\test-133.points,87,0
samples\test-134.points,90,0
samples\test-135.points,85,1
samples\test-136.points,125,1
samples\test-137.points,112,1
samples\test-138.points,129,0
samples\test-139.points,146,0
samples\test-140.points,101,0
samples\test-141.points,110,1
samples\test-142.points,111,0
samples\test-143.points,86,1
samples\test-144.points,127,1
samples\test-145.points,78,1
samples\test-146.points,104,0
samples\test-147.points,85,0
samples\test-148.points,138,0
samples\test-149.points,90,0
samples\test-150.points,73,0
samples\test-151.points,115,0
samples\test-152.points,103,0
samples\test-153.points,91,2
samples\test-154.points,97,0
samples\test-155.points,81,0
samples\test-156.points,103,1
samples\test-157.points,114,0
samples\test-158.points,126,0
samples\test-159.points,87,0
samples\test-160.points,115,0
samples\test-161.points,113,0
samples\test-162.points,92,0
samples\test-163.points,78,0
samples\test-164.points,99,0
samples\test-165.points,109,2
samples\test-166.points,106,0
samples\test-167.points,106,1
samples\test-168.points,83,1
samples\test-169.points,127,0
samples\test-170.points,102,0
samples\test-171.points,151,0
samples\test-172.points,76,0
samples\test-173.points,113,2
samples\test-174.points,127,1
samples\test-175.points,88,0
samples\test-176.points,94,0
samples\test-177.points,88,1
samples\test-178.points,95,2
samples\test-179.points,89,1
samples\test-180.points,99,0
samples\test-181.points,100,0
samples\test-182.points,74,1
samples\test-183.points,88,0
samples\test-184.points,102,2
samples\test-185.points,81,0
samples\test-186.points,119,1
samples\test-187.points,113,0
samples\test-188.points,125,1
samples\test-189.points,98,0
samples\test-190.points,113,0
samples\test-191.points,103,1
samples\test-192.points,102,1
samples\test-193.points,88,0
samples\test-194.points,90,0
samples\test-195.points,120,1
samples\test-196.points,80,1
samples\test-197.points,83,1
samples\test-198.points,113,0
samples\test-199.points,0,1
samples\test-200.points,132,1
samples\test-201.points,96,1
samples\test-202.points,100,1
samples\test-203.points,102,0
samples\test-204.points,88,0
samples\test-205.points,78,1
samples\test-206.points,121,1
samples\test-207.points,78,0
samples\test-208.points,97,0
samples\test-209.points,113,0
samples\test-210.points,123,2
samples\test-211.points,110,0
samples\test-212.points,109,0
samples\test-213.points,90,1
samples\test-214.points,103,0
samples\test-215.points,86,0
samples\test-216.points,109,1
samples\test-217.points,114,0
samples\test-218.points,85,1
samples\test-219.points,107,0
samples\test-220.points,79,0
samples\test-221.points,118,0
samples\test-222.points,108,0
samples\test-223.points,88,2
samples\test-224.points,115,0
samples\test-225.points,103,0
samples\test-226.points,99,0
samples\test-227.points,112,0
samples\test-228.points,111,2
samples\test-229.points,102,0
samples\test-230.points,0,1
samples\test-231.points,82,0
samples\test-232.points,95,0
samples\test-233.points,0,0
samples\test-234.points,106,1
samples\test-235.points,117,0
samples\test-236.points,93,1
samples\test-237.points,82,0
samples\test-238.points,104,1
samples\test-239.points,122,2
samples\test-240.points,94,0
samples\test-241.points,83,0
samples\test-242.points,95,0
samples\test-243.points,101,0
samples\test-244.points,130,0
samples\test-245.points,93,1
samples\test-246.points,104,0
samples\test-247.points,114,0
samples\test-248.points,125,0
samples\test-249.points,137,1
samples\test-250.points,105,0
samples\test-251.points,93,1
samples\test-252.points,99,1
samples\test-253.points,112,1
samples\test-254.points,102,0
samples\test-255.points,0,0
samples\test-256.points,89,0
samples\test-257.points,108,1
samples\test-258.points,101,0
samples\test-259.points,108,0
samples\test-260.points,105,1
samples\test-261.points,88,0
samples\test-262.points,109,0
samples\test-263.points,117,0
samples\test-264.points,116,0
samples\test-265.points,106,0
samples\test-266.points,103,0
samples\test-267.points,96,0
samples\test-268.points,103,1
samples\test-269.points,98,0
samples\test-270.points,106,1
samples\test-271.points,118,0
samples\test-272.points,87,0
samples\test-273.points,124,1
samples\test-274.points,95,0
samples\test-275.points,110,0
samples\test-276.points,85,0
samples\test-277.points,91,0
samples\test-278.points,85,0
samples\test-279.points,105,0
samples\test-280.points,109,0
samples\test-281.points,132,0
samples\test-282.points,104,0
samples\test-283.points,97,0
samples\test-284.points,74,0
samples\test-285.points,126,1
samples\test-286.points,111,0
samples\test-287.points,81,1
samples\test-288.points,135,1
samples\test-289.points,95,0
samples\test-290.points,81,1
samples\test-291.points,104,0
samples\test-292.points,90,0
samples\test-293.points,94,0
samples\test-294.points,156,1
samples\test-295.points,75,0
samples\test-296.points,89,0
samples\test-297.points,93,0
samples\test-298.points,83,0
samples\test-299.points,99,1
samples\test-300.points,90,0
samples\test-301.points,102,2
samples\test-302.points,122,1
samples\test-303.points,92,0
samples\test-304.points,103,2
samples\test-305.points,105,0
samples\test-306.points,111,1
samples\test-307.points,123,0
samples\test-308.points,128,0
samples\test-309.points,110,0
samples\test-310.points,127,0
samples\test-311.points,134,1
samples\test-312.points,106,0
samples\test-313.points,99,0
samples\test-314.points,116,0
samples\test-315.points,122,1
samples\test-316.points,110,1
samples\test-317.points,98,0
samples\test-318.points,155,1
samples\test-319.points,94,0
samples\test-320.points,100,1
samples\test-321.points,101,2
samples\test-322.points,115,1
samples\test-323.points,124,1
samples\test-324.points,104,0
samples\test-325.points,95,1
samples\test-326.points,102,0
samples\test-327.points,97,2
samples\test-328.points,108,3
samples\test-329.points,126,0
samples\test-330.points,127,0
samples\test-331.points,114,0
samples\test-332.points,129,2
samples\test-333.points,105,0
samples\test-334.points,122,0
samples\test-335.points,121,1
samples\test-336.points,112,0
samples\test-337.points,84,1
samples\test-338.points,100,0
samples\test-339.points,108,0
samples\test-340.points,113,0
samples\test-341.points,113,1
samples\test-342.points,105,0
samples\test-343.points,141,0
samples\test-344.points,101,0
samples\test-345.points,99,1
samples\test-346.points,99,0
samples\test-347.points,107,0
samples\test-348.points,94,2
samples\test-349.points,115,0
samples\test-350.points,96,0
samples\test-351.points,100,0
samples\test-352.points,99,0
samples\test-353.points,107,1
samples\test-354.points,101,1
samples\test-355.points,85,0
samples\test-356.points,90,0
samples\test-357.points,105,1
samples\test-358.points,126,1
samples\test-359.points,109,2
samples\test-360.points,103,1
samples\test-361.points,118,1
samples\test-362.points,133,0
samples\test-363.points,85,0
samples\test-364.points,95,0
samples\test-365.points,95,0
samples\test-366.points,102,0
samples\test-367.points,80,0
samples\test-368.points,97,0
samples\test-369.points,137,1
samples\test-370.points,120,0
samples\test-371.points,94,1
samples\test-372.points,106,0
samples\test-373.points,123,1
samples\test-374.points,153,0
samples\test-375.points,100,0
samples\test-376.points,99,1
samples\test-377.points,97,0
samples\test-378.points,109,2
samples\test-379.points,132,1
samples\test-380.points,150,1
samples\test-381.points,89,0
samples\test-382.points,88,0
samples\test-383.points,108,1
samples\test-384.points,110,1
samples\test-385.points,92,0
samples\test-386.points,108,0
samples\test-387.points,91,1
samples\test-388.points,91,0
samples\test-389.points,77,0
samples\test-390.points,148,0
samples\test-391.points,97,0
samples\test-392.points,106,1
samples\test-393.points,109,0
samples\test-394.points,91,0
samples\test-395.points,116,0
samples\test-396.points,94,1
samples\test-397.points,99,1
samples\test-398.points,87,0
samples\test-399.points,116,1
samples\test-400.points,103,0
samples\test-401.points,103,0
samples\test-402.points,124,0
samples\test-403.points,90,0
samples\test-404.points,99,0
samples\test-405.points,115,1
samples\test-406.points,114,0
samples\test-407.points,102,2
samples\test-408.points,108,0
samples\test-409.points,108,1
samples\test-410.points,102,0
samples\test-411.points,81,1
samples\test-412.points,101,0
samples\test-413.points,84,0
samples\test-414.points,112,0
samples\test-415.points,104,1
samples\test-416.points,124,1
samples\test-417.points,90,0
samples\test-418.points,110,0
samples\test-419.points,115,0
samples\test-420.points,102,2
samples\test-421.points,145,0
samples\test-422.points,120,1
samples\test-423.points,93,0
samples\test-424.points,118,1
samples\test-425.points,88,2
samples\test-426.points,136,0
samples\test-427.points,93,0
samples\test-428.points,92,0
samples\test-429.points,110,2
samples\test-430.points,78,0
samples\test-431.points,103,0
samples\test-432.points,0,0
samples\test-433.points,86,1
samples\test-434.points,142,0
samples\test-435.points,122,0
samples\test-436.points,0,0
samples\test-437.points,92,1
samples\test-438.points,76,2
samples\test-439.points,118,0
samples\test-440.points,105,1
samples\test-441.points,92,1
samples\test-442.points,111,2
samples\test-443.points,102,1
samples\test-444.points,104,0
samples\test-445.points,104,2
samples\test-446.points,110,0
samples\test-447.points,95,0
samples\test-448.points,92,1
samples\test-449.points,134,1
samples\test-450.points,98,1
samples\test-451.points,125,1
samples\test-452.points,116,1
samples\test-453.points,115,1
samples\test-454.points,106,2
samples\test-455.points,89,0
samples\test-456.points,110,0
samples\test-457.points,87,0
samples\test-458.points,148,1
samples\test-459.points,0,0
samples\test-460.points,93,0
samples\test-461.points,105,1
samples\test-462.points,117,1
samples\test-463.points,116,1
samples\test-464.points,78,0
samples\test-465.points,90,1
samples\test-466.points,105,0
samples\test-467.points,91,1
samples\test-468.points,109,1
samples\test-469.points,102,0
samples\test-470.points,128,0
samples\test-471.points,96,0
samples\test-472.points,123,0
samples\test-473.points,110,0
samples\test-474.points,111,1
samples\test-475.points,154,0
samples\test-476.points,104,0
samples\test-477.points,94,0
samples\test-478.points,95,0
samples\test-479.points,123,1
samples\test-480.points,114,0
samples\test-481.points,95,0
samples\test-482.points,106,0
samples\test-483.points,109,1
samples\test-484.points,123,1
samples\test-485.points,123,0
samples\test-486.points,115,0
samples\test-487.points,104,1
samples\test-488.points,114,0
samples\test-489.points,76,3
samples\test-490.points,168,0
samples\test-491.points,107,0
samples\test-492.points,120,1
samples\test-493.points,88,0
samples\test-494.points,119,0
samples\test-495.points,85,0
samples\test-496.points,98,1
samples\test-497.points,116,0
samples\test-498.points,106,0
samples\test-499.points,74,0
samples\test-500.points,107,0
samples\test-501.points,131,0
samples\test-502.points,77,0
samples\test-503.points,114,0
samples\test-504.points,104,1
samples\test-505.points,121,0
samples\test-506.points,131,0
samples\test-507.points,99,0
samples\test-508.points,81,0
samples\test-509.points,123,1
samples\test-510.points,74,0
samples\test-511.points,85,0
samples\test-512.points,126,1
samples\test-513.points,76,0
samples\test-514.points,86,1
samples\test-515.points,142,1
samples\test-516.points,103,1
samples\test-517.points,92,0
samples\test-518.points,105,0
samples\test-519.points,102,1
samples\test-520.points,141,0
samples\test-521.points,103,1
samples\test-522.points,94,0
samples\test-523.points,111,1
samples\test-524.points,0,1
samples\test-525.points,122,0
samples\test-526.points,100,0
samples\test-527.points,97,1
samples\test-528.points,109,0
samples\test-529.points,103,0
samples\test-530.points,0,1
samples\test-531.points,113,0
samples\test-532.points,105,1
samples\test-533.points,107,0
samples\test-534.points,111,1
samples\test-535.points,97,2
samples\test-536.points,83,1
samples\test-537.points,116,1
samples\test-538.points,93,0
samples\test-539.points,121,0
samples\test-540.points,136,0
samples\test-541.points,81,1
samples\test-542.points,124,0
samples\test-543.points,108,1
samples\test-544.points,105,2
samples\test-545.points,108,0
samples\test-546.points,104,0
samples\test-547.points,91,0
samples\test-548.points,95,1
samples\test-549.points,112,1
samples\test-550.points,104,1
samples\test-551.points,108,1
samples\test-552.points,144,1
samples\test-553.points,112,0
samples\test-554.points,128,0
samples\test-555.points,106,0
samples\test-556.points,106,1
samples\test-557.points,109,0
samples\test-558.points,100,0
samples\test-559.points,125,0
samples\test-560.points,106,0
samples\test-561.points,88,0
samples\test-562.points,118,0
samples\test-563.points,83,1
samples\test-564.points,97,0
samples\test-565.points,125,0
samples\test-566.points,104,1
samples\test-567.points,123,0
samples\test-568.points,98,1
samples\test-569.points,91,1
samples\test-570.points,129,0
samples\test-571.points,75,0
samples\test-572.points,84,0
samples\test-573.points,118,1
samples\test-574.points,130,0
samples\test-575.points,127,0
samples\test-576.points,150,2
samples\test-577.points,127,0
samples\test-578.points,80,0
samples\test-579.points,113,0
samples\test-580.points,126,0
samples\test-581.points,119,1
samples\test-582.points,158,1
samples\test-583.points,109,2
samples\test-584.points,98,0
samples\test-585.points,136,0
samples\test-586.points,121,0
samples\test-587.points,109,0
samples\test-588.points,107,1
samples\test-589.points,113,1
samples\test-590.points,101,0
samples\test-591.points,94,0
samples\test-592.points,117,0
samples\test-593.points,94,1
samples\test-594.points,81,0
samples\test-595.points,107,0
samples\test-596.points,107,0
samples\test-597.points,104,0
samples\test-598.points,1,0
samples\test-599.points,118,0
samples\test-600.points,113,0
samples\test-601.points,113,0
samples\test-602.points,147,1
samples\test-603.points,95,1
samples\test-604.points,93,0
samples\test-605.points,119,0
samples\test-606.points,98,1
samples\test-607.points,107,0
samples\test-608.points,109,0
samples\test-609.points,115,1
samples\test-610.points,96,1
samples\test-611.points,81,0
samples\test-612.points,87,0
samples\test-613.points,95,0
samples\test-614.points,105,1
samples\test-615.points,87,0
samples\test-616.points,120,0
samples\test-617.points,0,0
samples\test-618.points,136,1
samples\test-619.points,86,1
samples\test-620.points,117,1
samples\test-621.points,95,0
samples\test-622.points,94,1
samples\test-623.points,114,0
samples\test-624.points,112,0
samples\test-625.points,89,1
samples\test-626.points,89,0
samples\test-627.points,95,0
samples\test-628.points,85,0
samples\test-629.points,118,0
samples\test-630.points,91,0
samples\test-631.points,100,2
samples\test-632.points,133,0
samples\test-633.points,77,1
samples\test-634.points,108,1
samples\test-635.points,103,0
samples\test-636.points,118,0
samples\test-637.points,91,0
samples\test-638.points,113,0
samples\test-639.points,120,1
samples\test-640.points,106,0
samples\test-641.points,97,1
samples\test-642.points,94,1
samples\test-643.points,86,0
samples\test-644.points,110,0
samples\test-645.points,81,2
samples\test-646.points,84,0
samples\test-647.points,112,0
samples\test-648.points,118,1
samples\test-649.points,1,0
samples\test-650.points,84,0
samples\test-651.points,129,1
samples\test-652.points,96,1
samples\test-653.points,101,0
samples\test-654.points,102,1
samples\test-655.points,108,3
samples\test-656.points,115,0
samples\test-657.points,116,0
samples\test-658.points,101,0
samples\test-659.points,89,0
samples\test-660.points,112,2
samples\test-661.points,113,0
samples\test-662.points,96,1
samples\test-663.points,114,0
samples\test-664.points,141,0
samples\test-665.points,89,0
samples\test-666.points,88,0
samples\test-667.points,136,0
samples\test-668.points,133,0
samples\test-669.points,90,0
samples\test-670.points,114,0
samples\test-671.points,102,1
samples\test-672.points,124,0
samples\test-673.points,86,0
samples\test-674.points,107,1
samples\test-675.points,94,0
samples\test-676.points,108,0
samples\test-677.points,90,0
samples\test-678.points,127,1
samples\test-679.points,75,1
samples\test-680.points,100,0
samples\test-681.points,109,1
samples\test-682.points,0,0
samples\test-683.points,81,1
samples\test-684.points,127,1
samples\test-685.points,125,0
samples\test-686.points,109,2
samples\test-687.points,124,0
samples\test-688.points,99,1
samples\test-689.points,83,0
samples\test-690.points,118,0
samples\test-691.points,157,0
samples\test-692.points,98,0
samples\test-693.points,103,1
samples\test-694.points,93,0
samples\test-695.points,93,0
samples\test-696.points,112,0
samples\test-697.points,129,1
samples\test-698.points,96,0
samples\test-699.points,73,0
samples\test-700.points,121,0
samples\test-701.points,109,1
samples\test-702.points,82,0
samples\test-703.points,101,0
samples\test-704.points,97,1
samples\test-705.points,113,0
samples\test-706.points,114,1
samples\test-707.points,106,0
samples\test-708.points,85,0
samples\test-709.points,82,1
samples\test-710.points,124,2
samples\test-711.points,116,2
samples\test-712.points,105,1
samples\test-713.points,107,1
samples\test-714.points,106,0
samples\test-715.points,120,0
samples\test-716.points,104,2
samples\test-717.points,90,0
samples\test-718.points,113,0
samples\test-719.points,120,0
samples\test-720.points,141,0
samples\test-721.points,129,1
samples\test-722.points,104,1
samples\test-723.points,93,1
samples\test-724.points,87,0
samples\test-725.points,0,0
samples\test-726.points,120,0
samples\test-727.points,106,0
samples\test-728.points,80,0
samples\test-729.points,106,0
samples\test-730.points,78,0
samples\test-731.points,104,0
samples\test-732.points,112,2
samples\test-733.points,103,1
samples\test-734.points,88,1
samples\test-735.points,119,1
samples\test-736.points,105,0
samples\test-737.points,86,0
samples\test-738.points,100,1
samples\test-739.points,95,1
samples\test-740.points,90,1
samples\test-741.points,134,1
samples\test-742.points,100,2
samples\test-743.points,120,0
samples\test-744.points,92,2
samples\test-745.points,110,0
samples\test-746.points,0,2
samples\test-747.points,135,2
samples\test-748.points,117,0
samples\test-749.points,111,1
samples\test-750.points,100,0
samples\test-751.points,101,0
samples\test-752.points,83,1
samples\test-753.points,88,2
samples\test-754.points,89,0
samples\test-755.points,103,0
samples\test-756.points,92,0
samples\test-757.points,75,1
samples\test-758.points,91,0
samples\test-759.points,115,0
samples\test-760.points,115,0
samples\test-761.points,87,0
samples\test-762.points,104,0
samples\test-763.points,78,0
samples\test-764.points,115,0
samples\test-765.points,86,1
samples\test-766.points,130,0
samples\test-767.points,92,0
samples\test-768.points,77,1
samples\test-769.points,99,0
samples\test-770.points,114,0
samples\test-771.points,135,1
samples\test-772.points,122,0
samples\test-773.points,0,0
samples\test-774.points,111,0
samples\test-775.points,106,1
samples\test-776.points,128,0
samples\test-777.points,107,0
samples\test-778.points,93,1
samples\test-779.points,121,0
samples\test-780.points,97,0
samples\test-781.points,0,0
samples\test-782.points,105,1
samples\test-783.points,126,1
samples\test-784.points,130,1
samples\test-785.points,138,0
samples\test-786.points,95,0
samples\test-787.points,77,0
samples\test-788.points,104,0
samples\test-789.points,91,1
samples\test-790.points,83,0
samples\test-791.points,104,1
samples\test-792.points,106,0
samples\test-793.points,86,0
samples\test-794.points,116,0
samples\test-795.points,1,0
samples\test-796.points,98,0
samples\test-797.points,114,1
samples\test-798.points,99,1
samples\test-799.points,116,0
samples\test-800.points,108,0
samples\test-801.points,119,0
samples\test-802.points,113,0
samples\test-803.points,109,1
samples\test-804.points,129,1
samples\test-805.points,94,0
samples\test-806.points,76,1
samples\test-807.points,97,0
samples\test-808.points,94,0
samples\test-809.points,119,0
samples\test-810.points,77,2
samples\test-811.points,146,1
samples\test-812.points,112,0
samples\test-813.points,99,0
samples\test-814.points,99,1
samples\test-815.points,101,0
samples\test-816.points,89,0
samples\test-817.points,107,1
samples\test-818.points,125,1
samples\test-819.points,102,1
samples\test-820.points,97,0
samples\test-821.points,89,0
samples\test-822.points,110,1
samples\test-823.points,79,0
samples\test-824.points,88,2
samples\test-825.points,92,1
samples\test-826.points,106,0
samples\test-827.points,91,1
samples\test-828.points,86,0
samples\test-829.points,105,0
samples\test-830.points,96,1
samples\test-831.points,130,0
samples\test-832.points,91,0
samples\test-833.points,113,1
samples\test-834.points,90,0
samples\test-835.points,102,1
samples\test-836.points,84,1
samples\test-837.points,122,0
samples\test-838.points,117,0
samples\test-839.points,159,0
samples\test-840.points,104,1
samples\test-841.points,126,1
samples\test-842.points,103,0
samples\test-843.points,119,1
samples\test-844.points,93,0
samples\test-845.points,96,0
samples\test-846.points,110,1
samples\test-847.points,116,1
samples\test-848.points,96,1
samples\test-849.points,112,2
samples\test-850.points,98,1
samples\test-851.points,102,2
samples\test-852.points,87,0
samples\test-853.points,130,0
samples\test-854.points,77,0
samples\test-855.points,82,0
samples\test-856.points,122,2
samples\test-857.points,89,0
samples\test-858.points,115,0
samples\test-859.points,83,1
samples\test-860.points,114,0
samples\test-861.points,109,0
samples\test-862.points,79,1
samples\test-863.points,109,0
samples\test-864.points,76,0
samples\test-865.points,79,0
samples\test-866.points,139,0
samples\test-867.points,108,0
samples\test-868.points,89,1
samples\test-869.points,1,0
samples\test-870.points,128,0
samples\test-871.points,91,1
samples\test-872.points,110,1
samples\test-873.points,110,0
samples\test-874.points,94,0
samples\test-875.points,111,0
samples\test-876.points,105,1
samples\test-877.points,106,1
samples\test-878.points,109,0
samples\test-879.points,134,1
samples\test-880.points,90,0
samples\test-881.points,91,0
samples\test-882.points,144,0
samples\test-883.points,79,0
samples\test-884.points,102,0
samples\test-885.points,131,0
samples\test-886.points,98,0
samples\test-887.points,105,1
samples\test-888.points,94,1
samples\test-889.points,86,0
samples\test-890.points,106,1
samples\test-891.points,107,3
samples\test-892.points,98,1
samples\test-893.points,116,0
samples\test-894.points,84,1
samples\test-895.points,90,0
samples\test-896.points,133,0
samples\test-897.points,96,0
samples\test-898.points,116,1
samples\test-899.points,116,0
samples\test-900.points,98,0
samples\test-901.points,110,0
samples\test-902.points,106,1
samples\test-903.points,114,0
samples\test-904.points,130,1
samples\test-905.points,96,0
samples\test-906.points,92,0
samples\test-907.points,149,0
samples\test-908.points,99,0
samples\test-909.points,91,1
samples\test-910.points,111,0
samples\test-911.points,99,1
samples\test-912.points,93,0
samples\test-913.points,128,1
samples\test-914.points,95,1
samples\test-915.points,122,0
samples\test-916.points,112,0
samples\test-917.points,101,1
samples\test-918.points,126,1
samples\test-919.points,99,0
samples\test-920.points,97,1
samples\test-921.points,103,0
samples\test-922.points,116,1
samples\test-923.points,138,1
samples\test-924.points,116,1
samples\test-925.points,96,0
samples\test-926.points,95,1
samples\test-927.points,94,0
samples\test-928.points,113,0
samples\test-929.points,91,0
samples\test-930.points,107,0
samples\test-931.points,138,0
samples\test-932.points,104,0
samples\test-933.points,115,0
samples\test-934.points,145,0
samples\test-935.points,101,1
samples\test-936.points,112,1
samples\test-937.points,106,0
samples\test-938.points,101,0
samples\test-939.points,75,1
samples\test-940.points,118,0
samples\test-941.points,80,0
samples\test-942.points,103,0
samples\test-943.points,152,0
samples\test-944.points,97,0
samples\test-945.points,82,1
samples\test-946.points,123,1
samples\test-947.points,80,0
samples\test-948.points,89,1
samples\test-949.points,90,0
samples\test-950.points,91,0
samples\test-951.points,111,1
samples\test-952.points,108,0
samples\test-953.points,142,0
samples\test-954.points,88,1
samples\test-955.points,112,0
samples\test-956.points,96,0
samples\test-957.points,75,0
samples\test-958.points,114,0
samples\test-959.points,80,1
samples\test-960.points,100,1
samples\test-961.points,141,0
samples\test-962.points,96,1
samples\test-963.points,100,0
samples\test-964.points,92,1
samples\test-965.points,85,0
samples\test-966.points,93,0
samples\test-967.points,87,0
samples\test-968.points,97,0
samples\test-969.points,139,0
samples\test-970.points,105,1
samples\test-971.points,95,0
samples\test-972.points,101,1
samples\test-973.points,93,1
samples\test-974.points,92,0
samples\test-975.points,94,0
samples\test-976.points,120,0
samples\test-977.points,109,2
samples\test-978.points,110,0
samples\test-979.points,115,0
samples\test-980.points,95,0
samples\test-981.points,99,0
samples\test-982.points,122,0
samples\test-983.points,93,1
samples\test-984.points,83,0
samples\test-985.points,0,1
samples\test-986.points,113,0
samples\test-987.points,105,0
samples\test-988.points,0,0
samples\test-989.points,108,0
samples\test-990.points,106,0
samples\test-991.points,91,1
samples\test-992.points,114,0
samples\test-993.points,140,1
samples\test-994.points,107,0
samples\test-995.points,115,0
samples\test-996.points,124,1
samples\test-997.points,98,1
samples\test-998.points,116,0
samples\test-999.points,110,0
samples\test-1000.points,122,1
samples\test-1001.points,108,0
samples\test-1002.points,88,0
samples\test-1003.points,87,0
samples\test-1004.points,113,0
samples\test-1005.points,119,0
samples\test-1006.points,91,0
samples\test-1007.points,107,0
samples\test-1008.points,111,0
samples\test-1009.points,88,1
samples\test-1010.points,97,1
samples\test-1011.points,144,0
samples\test-1012.points,112,0
samples\test-1013.points,118,1
samples\test-1014.points,81,2
samples\test-1015.points,97,0
samples\test-1016.points,135,0
samples\test-1017.points,79,0
samples\test-1018.points,113,0
samples\test-1019.points,115,0
samples\test-1020.points,99,1
samples\test-1021.points,97,1
samples\test-1022.points,107,0
samples\test-1023.points,120,0
samples\test-1024.points,121,0
samples\test-1025.points,119,1
samples\test-1026.points,82,1
samples\test-1027.points,112,0
samples\test-1028.points,104,0
samples\test-1029.points,102,0
samples\test-1030.points,122,1
samples\test-1031.points,86,0
samples\test-1032.points,126,2
samples\test-1033.points,102,0
samples\test-1034.points,93,0
samples\test-1035.points,103,1
samples\test-1036.points,95,0
samples\test-1037.points,107,1
samples\test-1038.points,99,0
samples\test-1039.points,119,0
samples\test-1040.points,82,1
samples\test-1041.points,122,0
samples\test-1042.points,96,0
samples\test-1043.points,111,1
samples\test-1044.points,108,0
samples\test-1045.points,120,0
samples\test-1046.points,100,0
samples\test-1047.points,91,0
samples\test-1048.points,120,0
samples\test-1049.points,113,2
samples\test-1050.points,111,0
samples\test-1051.points,117,1
samples\test-1052.points,102,0
samples\test-1053.points,113,0
samples\test-1054.points,112,1
samples\test-1055.points,110,0
samples\test-1056.points,92,1
samples\test-1057.points,115,0
samples\test-1058.points,97,0
samples\test-1059.points,88,0
samples\test-1060.points,89,1
samples\test-1061.points,100,1
samples\test-1062.points,100,2
samples\test-1063.points,94,0
samples\test-1064.points,151,0
samples\test-1065.points,82,0
samples\test-1066.points,86,1
samples\test-1067.points,151,0
samples\test-1068.points,117,0
samples\test-1069.points,85,1
samples\test-1070.points,90,0
samples\test-1071.points,109,1
samples\test-1072.points,150,0
samples\test-1073.points,110,0
samples\test-1074.points,105,0
samples\test-1075.points,102,0
samples\test-1076.points,79,0
samples\test-1077.points,83,0
samples\test-1078.points,94,0
samples\test-1079.points,83,0
samples\test-1080.points,81,1
samples\test-1081.points,98,0
samples\test-1082.points,96,0
samples\test-1083.points,130,1
samples\test-1084.points,143,0
samples\test-1085.points,109,0
samples\test-1086.points,101,0
samples\test-1087.points,89,0
samples\test-1088.points,120,1
samples\test-1089.points,88,0
samples\test-1090.points,121,0
samples\test-1091.points,94,0
samples\test-1092.points,168,1
samples\test-1093.points,109,0
samples\test-1094.points,91,1
samples\test-1095.points,90,0
samples\test-1096.points,108,1
samples\test-1097.points,114,0
samples\test-1098.points,97,0
samples\test-1099.points,111,0
samples\test-1100.points,106,0
samples\test-1101.points,125,0
samples\test-1102.points,99,0
samples\test-1103.points,129,0
samples\test-1104.points,85,0
samples\test-1105.points,111,0
samples\test-1106.points,85,0
samples\test-1107.points,113,2
samples\test-1108.points,102,0
samples\test-1109.points,105,0
samples\test-1110.points,147,0
samples\test-1111.points,142,0
samples\test-1112.points,89,1
samples\test-1113.points,98,1
samples\test-1114.points,86,0
samples\test-1115.points,91,0
samples\test-1116.points,76,1
samples\test-1117.points,120,0
samples\test-1118.points,95,0
samples\test-1119.points,93,0
samples\test-1120.points,98,0
samples\test-1121.points,135,0
samples\test-1122.points,98,0
samples\test-1123.points,95,0
samples\test-1124.points,85,0
samples\test-1125.points,97,0
samples\test-1126.points,100,3
samples\test-1127.points,106,0
samples\test-1128.points,87,0
samples\test-1129.points,106,0
samples\test-1130.points,135,0
samples\test-1131.points,104,0
samples\test-1132.points,113,0
samples\test-1133.points,104,1
samples\test-1134.points,99,1
samples\test-1135.points,112,0
samples\test-1136.points,94,0
samples\test-1137.points,106,0
samples\test-1138.points,104,1
samples\test-1139.points,88,0
samples\test-1140.points,110,1
samples\test-1141.points,108,1
samples\test-1142.points,87,0
samples\test-1143.points,85,0
samples\test-1144.points,83,0
samples\test-1145.points,81,2
samples\test-1146.points,84,0
samples\test-1147.points,109,1
samples\test-1148.points,118,0
samples\test-1149.points,0,0
samples\test-1150.points,246,1
samples\test-1151.points,126,2
samples\test-1152.points,100,0
samples\test-1153.points,110,0
samples\test-1154.points,110,0
samples\test-1155.points,106,1
samples\test-1156.points,112,1
samples\test-1157.points,107,0
samples\test-1158.points,237,1
samples\test-1159.points,113,0
samples\test-1160.points,122,1
samples\test-1161.points,106,0
samples\test-1162.points,110,0
samples\test-1163.points,120,2
samples\test-1164.points,127,1
samples\test-1165.points,124,1
samples\test-1166.points,97,0
samples\test-1167.points,147,0
samples\test-1168.points,112,0
samples\test-1169.points,99,0
samples\test-1170.points,114,0
samples\test-1171.points,0,0
samples\test-1172.points,87,0
samples\test-1173.points,98,0
samples\test-1174.points,94,0
samples\test-1175.points,126,1
samples\test-1176.points,107,1
samples\test-1177.points,110,0
samples\test-1178.points,105,1
samples\test-1179.points,127,0
samples\test-1180.points,92,1
samples\test-1181.points,140,0
samples\test-1182.points,133,1
samples\test-1183.points,102,1
samples\test-1184.points,115,1
samples\test-1185.points,129,1
samples\test-1186.points,111,1
samples\test-1187.points,110,0
samples\test-1188.points,1,1
samples\test-1189.points,109,0
samples\test-1190.points,131,1
samples\test-1191.points,115,0
samples\test-1192.points,118,0
samples\test-1193.points,126,3
samples\test-1194.points,94,1
samples\test-1195.points,142,0
samples\test-1196.points,194,1
samples\test-1197.points,204,0
samples\test-1198.points,120,1
samples\test-1199.points,103,0
samples\test-1200.points,109,1
samples\test-1201.points,109,0
samples\test-1202.points,106,0
samples\test-1203.points,125,0
samples\test-1204.points,128,0
samples\test-1205.points,108,1
samples\test-1206.points,112,0
samples\test-1207.points,92,0
samples\test-1208.points,144,0
samples\test-1209.points,125,1
samples\test-1210.points,128,0
samples\test-1211.points,155,0
samples\test-1212.points,112,1
samples\test-1213.points,112,0
samples\test-1214.points,107,0
samples\test-1215.points,120,1
samples\test-1216.points,124,2
samples\test-1217.points,113,0
samples\test-1218.points,107,0
samples\test-1219.points,137,0
samples\test-1220.points,113,1
samples\test-1221.points,98,1
samples\test-1222.points,124,0
samples\test-1223.points,169,0
samples\test-1224.points,92,2
samples\test-1225.points,161,0
samples\test-1226.points,106,0
samples\test-1227.points,95,2
samples\test-1228.points,185,0
samples\test-1229.points,166,2
samples\test-1230.points,138,1
samples\test-1231.points,91,1
samples\test-1232.points,97,0
samples\test-1233.points,133,0
samples\test-1234.points,97,1
samples\test-1235.points,136,2
samples\test-1236.points,149,0
samples\test-1237.points,113,1
samples\test-1238.points,125,0
samples\test-1239.points,100,1
samples\test-1240.points,158,0
samples\test-1241.points,133,0
samples\test-1242.points,122,1
samples\test-1243.points,1,1
samples\test-1244.points,109,1
samples\test-1245.points,91,0
samples\test-1246.points,93,0
samples\test-1247.points,129,1
samples\test-1248.points,160,1
samples\test-1249.points,96,0
samples\test-1250.points,100,0
samples\test-1251.points,108,0
samples\test-1252.points,143,1
samples\test-1253.points,197,0
samples\test-1254.points,121,0
samples\test-1255.points,110,1
samples\test-1256.points,129,1
samples\test-1257.points,161,2
samples\test-1258.points,169,1
samples\test-1259.points,122,0
samples\test-1260.points,96,1
samples\test-1261.points,138,0
samples\test-1262.points,150,1
samples\test-1263.points,116,0
samples\test-1264.points,85,1
samples\test-1265.points,129,0
samples\test-1266.points,129,1
samples\test-1267.points,153,1
samples\test-1268.points,107,1
samples\test-1269.points,96,0
samples\test-1270.points,144,0
samples\test-1271.points,128,1
samples\test-1272.points,114,0
samples\test-1273.points,100,0
samples\test-1274.points,135,0
samples\test-1275.points,95,0
samples\test-1276.points,103,0
samples\test-1277.points,122,0
samples\test-1278.points,130,0
samples\test-1279.points,83,1
samples\test-1280.points,103,1
samples\test-1281.points,193,0
samples\test-1282.points,107,2
samples\test-1283.points,117,1
samples\test-1284.points,136,1
samples\test-1285.points,122,0
samples\test-1286.points,112,0
samples\test-1287.points,95,0
samples\test-1288.points,130,1
samples\test-1289.points,115,0
samples\test-1290.points,175,0
samples\test-1291.points,163,0
samples\test-1292.points,82,0
samples\test-1293.points,128,1
samples\test-1294.points,107,1
samples\test-1295.points,104,0
samples\test-1296.points,83,1
samples\test-1297.points,101,0
samples\test-1298.points,100,0
samples\test-1299.points,156,1
samples\test-1300.points,124,1
samples\test-1301.points,131,1
samples\test-1302.points,144,2
samples\test-1303.points,130,0
samples\test-1304.points,83,0
samples\test-1305.points,117,2
samples\test-1306.points,109,0
samples\test-1307.points,121,0
samples\test-1308.points,128,1
samples\test-1309.points,95,2
samples\test-1310.points,168,0
samples\test-1311.points,142,0
samples\test-1312.points,92,1
samples\test-1313.points,144,1
samples\test-1314.points,151,2
samples\test-1315.points,125,1
samples\test-1316.points,143,1
samples\test-1317.points,133,1
samples\test-1318.points,135,1
samples\test-1319.points,122,0
samples\test-1320.points,91,1
samples\test-1321.points,104,0
samples\test-1322.points,127,0
samples\test-1323.points,121,1
samples\test-1324.points,104,0
samples\test-1325.points,0,1
samples\test-1326.points,126,0
samples\test-1327.points,109,1
samples\test-1328.points,123,1
samples\test-1329.points,112,0
samples\test-1330.points,154,1
samples\test-1331.points,119,0
samples\test-1332.points,130,1
samples\test-1333.points,122,0
samples\test-1334.points,128,0
samples\test-1335.points,85,1
samples\test-1336.points,120,1
samples\test-1337.points,122,0
samples\test-1338.points,87,1
samples\test-1339.points,126,1
samples\test-1340.points,95,0
samples\test-1341.points,148,0
samples\test-1342.points,146,1
samples\test-1343.points,131,0
samples\test-1344.points,91,0
samples\test-1345.points,83,0
samples\test-1346.points,122,1
samples\test-1347.points,113,0
samples\test-1348.points,101,0
samples\test-1349.points,137,0
samples\test-1350.points,90,0
samples\test-1351.points,88,0
samples\test-1352.points,90,0
samples\test-1353.points,117,0
samples\test-1354.points,86,1
samples\test-1355.points,115,0
samples\test-1356.points,102,0
samples\test-1357.points,151,1
samples\test-1358.points,116,0
samples\test-1359.points,105,1
samples\test-1360.points,89,0
samples\test-1361.points,136,2
samples\test-1362.points,93,0
samples\test-1363.points,126,1
samples\test-1364.points,119,1
samples\test-1365.points,147,0
samples\test-1366.points,119,0
samples\test-1367.points,1,0
samples\test-1368.points,127,0
samples\test-1369.points,91,0
samples\test-1370.points,93,0
samples\test-1371.points,114,1
samples\test-1372.points,184,0
samples\test-1373.points,131,1
samples\test-1374.points,90,1
samples\test-1375.points,104,0
samples\test-1376.points,166,0
samples\test-1377.points,132,0
samples\test-1378.points,159,1
samples\test-1379.points,143,0
samples\test-1380.points,133,1
samples\test-1381.points,111,0
samples\test-1382.points,115,0
samples\test-1383.points,107,0
samples\test-1384.points,128,1
samples\test-1385.points,114,1
samples\test-1386.points,114,0
samples\test-1387.points,113,1
samples\test-1388.points,102,1
samples\test-1389.points,97,0
samples\test-1390.points,91,0
samples\test-1391.points,113,0
samples\test-1392.points,132,1
samples\test-1393.points,111,0
samples\test-1394.points,96,1
samples\test-1395.points,107,1
samples\test-1396.points,112,0
samples\test-1397.points,133,0
samples\test-1398.points,103,0
samples\test-1399.points,0,1
samples\test-1400.points,113,0
samples\test-1401.points,94,1
samples\test-1402.points,105,2
samples\test-1403.points,129,0
samples\test-1404.points,89,1
samples\test-1405.points,169,0
samples\test-1406.points,88,0
samples\test-1407.points,87,0
samples\test-1408.points,140,1
samples\test-1409.points,140,0
samples\test-1410.points,112,0
samples\test-1411.points,135,1
samples\test-1412.points,106,0
samples\test-1413.points,103,0
samples\test-1414.points,131,2
samples\test-1415.points,110,1
samples\test-1416.points,150,1
samples\test-1417.points,88,0
samples\test-1418.points,92,1
samples\test-1419.points,134,1
samples\test-1420.points,113,0
samples\test-1421.points,138,1
samples\test-1422.points,91,0
samples\test-1423.points,115,0
samples\test-1424.points,134,0
samples\test-1425.points,125,0
samples\test-1426.points,106,1
samples\test-1427.points,143,1
samples\test-1428.points,98,0
samples\test-1429.points,127,1
samples\test-1430.points,132,1
samples\test-1431.points,95,0
samples\test-1432.points,128,0
samples\test-1433.points,106,0
samples\test-1434.points,112,0
samples\test-1435.points,132,0
samples\test-1436.points,91,1
samples\test-1437.points,158,1
samples\test-1438.points,102,0
samples\test-1439.points,106,0
samples\test-1440.points,131,0
samples\test-1441.points,124,0
samples\test-1442.points,133,0
samples\test-1443.points,132,1
samples\test-1444.points,120,0
samples\test-1445.points,118,0
samples\test-1446.points,135,1
samples\test-1447.points,116,1
samples\test-1448.points,0,0
samples\test-1449.points,93,1
samples\test-1450.points,93,1
samples\test-1451.points,135,0
samples\test-1452.points,79,0
samples\test-1453.points,107,1
samples\test-1454.points,105,0
samples\test-1455.points,116,0
samples\test-1456.points,113,0
samples\test-1457.points,146,1
samples\test-1458.points,111,0
samples\test-1459.points,122,0
samples\test-1460.points,134,1
samples\test-1461.points,156,0
samples\test-1462.points,197,0
samples\test-1463.points,137,0
samples\test-1464.points,108,0
samples\test-1465.points,95,0
samples\test-1466.points,141,0
samples\test-1467.points,121,2
samples\test-1468.points,119,0
samples\test-1469.points,110,0
samples\test-1470.points,93,0
samples\test-1471.points,80,1
samples\test-1472.points,80,0
samples\test-1473.points,87,1
samples\test-1474.points,115,0
samples\test-1475.points,100,2
samples\test-1476.points,106,0
samples\test-1477.points,93,1
samples\test-1478.points,131,0
samples\test-1479.points,98,0
samples\test-1480.points,91,0
samples\test-1481.points,100,0
samples\test-1482.points,116,0
samples\test-1483.points,118,0
samples\test-1484.points,92,1
samples\test-1485.points,116,0
samples\test-1486.points,115,1
samples\test-1487.points,134,1
samples\test-1488.points,82,0
samples\test-1489.points,201,0
samples\test-1490.points,105,1
samples\test-1491.points,113,1
samples\test-1492.points,0,0
samples\test-1493.points,101,0
samples\test-1494.points,160,1
samples\test-1495.points,129,0
samples\test-1496.points,155,1
samples\test-1497.points,107,1
samples\test-1498.points,116,1
samples\test-1499.points,100,1
samples\test-1500.points,137,0
samples\test-1501.points,147,1
samples\test-1502.points,98,0
samples\test-1503.points,121,0
samples\test-1504.points,112,1
samples\test-1505.points,94,1
samples\test-1506.points,91,1
samples\test-1507.points,115,0
samples\test-1508.points,0,1
samples\test-1509.points,90,1
samples\test-1510.points,122,0
samples\test-1511.points,124,0
samples\test-1512.points,95,0
samples\test-1513.points,126,0
samples\test-1514.points,104,0
samples\test-1515.points,95,1
samples\test-1516.points,115,3
samples\test-1517.points,85,0
samples\test-1518.points,113,1
samples\test-1519.points,101,1
samples\test-1520.points,82,0
samples\test-1521.points,108,1
samples\test-1522.points,133,0
samples\test-1523.points,84,1
samples\test-1524.points,89,1
samples\test-1525.points,105,0
samples\test-1526.points,101,0
samples\test-1527.points,96,0
samples\test-1528.points,126,0
samples\test-1529.points,114,1
samples\test-1530.points,91,0
samples\test-1531.points,93,2
samples\test-1532.points,112,0
samples\test-1533.points,100,0
samples\test-1534.points,84,2
samples\test-1535.points,99,0
samples\test-1536.points,109,0
samples\test-1537.points,83,0
samples\test-1538.points,120,1
samples\test-1539.points,90,0
samples\test-1540.points,93,0
samples\test-1541.points,98,0
samples\test-1542.points,105,1
samples\test-1543.points,124,0
samples\test-1544.points,127,1
samples\test-1545.points,101,0
samples\test-1546.points,140,0
samples\test-1547.points,102,0
samples\test-1548.points,106,0
samples\test-1549.points,80,0
samples\test-1550.points,121,0
samples\test-1551.points,105,0
samples\test-1552.points,108,0
samples\test-1553.points,110,1
samples\test-1554.points,89,0
samples\test-1555.points,103,1
samples\test-1556.points,90,0
samples\test-1557.points,109,1
samples\test-1558.points,129,1
samples\test-1559.points,98,1
samples\test-1560.points,127,0
samples\test-1561.points,78,0
samples\test-1562.points,84,0
samples\test-1563.points,106,1
samples\test-1564.points,101,0
samples\test-1565.points,118,0
samples\test-1566.points,106,1
samples\test-1567.points,114,0
samples\test-1568.points,104,1
samples\test-1569.points,105,1
samples\test-1570.points,87,0
samples\test-1571.points,116,1
samples\test-1572.points,124,0
samples\test-1573.points,93,0
samples\test-1574.points,116,0
samples\test-1575.points,108,0
samples\test-1576.points,114,0
samples\test-1577.points,108,1
samples\test-1578.points,132,1
samples\test-1579.points,116,1
samples\test-1580.points,101,0
samples\test-1581.points,91,0
samples\test-1582.points,101,1
samples\test-1583.points,98,0
samples\test-1584.points,96,0
samples\test-1585.points,139,1
samples\test-1586.points,144,0
samples\test-1587.points,109,0
samples\test-1588.points,101,1
samples\test-1589.points,118,1
samples\test-1590.points,91,0
samples\test-1591.points,100,0
samples\test-1592.points,127,0
samples\test-1593.points,85,0
samples\test-1594.points,103,0
samples\test-1595.points,97,0
samples\test-1596.points,93,4
samples\test-1597.points,103,0
samples\test-1598.points,103,0
samples\test-1599.points,85,0
samples\test-1600.points,87,2
samples\test-1601.points,97,1
samples\test-1602.points,117,0
samples\test-1603.points,129,1
samples\test-1604.points,85,0
samples\test-1605.points,129,1
samples\test-1606.points,140,2
samples\test-1607.points,87,0
samples\test-1608.points,93,0
samples\test-1609.points,116,0
samples\test-1610.points,100,0
samples\test-1611.points,95,0
samples\test-1612.points,131,0
samples\test-1613.points,93,0
samples\test-1614.points,104,1
samples\test-1615.points,133,1
samples\test-1616.points,92,0
samples\test-1617.points,87,0
samples\test-1618.points,116,1
samples\test-1619.points,106,0
samples\test-1620.points,99,0
samples\test-1621.points,97,0
samples\test-1622.points,99,0
samples\test-1623.points,123,1
samples\test-1624.points,110,1
samples\test-1625.points,146,1
samples\test-1626.points,111,0
samples\test-1627.points,108,0
samples\test-1628.points,90,0
samples\test-1629.points,91,0
samples\test-1630.points,92,0
samples\test-1631.points,109,0
samples\test-1632.points,107,0
samples\test-1633.points,112,1
samples\test-1634.points,105,1
samples\test-1635.points,85,1
samples\test-1636.points,86,2
samples\test-1637.points,111,0
samples\test-1638.points,75,0
samples\test-1639.points,103,0
samples\test-1640.points,114,0
samples\test-1641.points,83,1
samples\test-1642.points,94,1
samples\test-1643.points,163,0
samples\test-1644.points,99,1
samples\test-1645.points,88,1
samples\test-1646.points,108,1
samples\test-1647.points,102,0
samples\test-1648.points,91,0
samples\test-1649.points,109,0
samples\test-1650.points,75,0
samples\test-1651.points,95,0
samples\test-1652.points,94,0
samples\test-1653.points,96,0
samples\test-1654.points,127,0
samples\test-1655.points,111,0
samples\test-1656.points,118,0
samples\test-1657.points,101,0
samples\test-1658.points,91,2
samples\test-1659.points,125,1
samples\test-1660.points,98,0
samples\test-1661.points,109,1
samples\test-1662.points,94,0
samples\test-1663.points,98,0
samples\test-1664.points,123,0
